,repository_name,language
0,.github,
1,aioshumway,Python
2,android-auth,Java
3,android-sdk,HTML
4,android-store-service,Python
5,annoy,C++
6,annoy-java,Java
7,apollo,Java
8,apollo-elide,Java
9,apollo-metrics,
10,apps-tutorial,
11,async-datastore-client,Java
12,async-google-pubsub-client,Java
13,backup-utils,Shell
14,basic-pitch,Python
15,basic-pitch-ts,TypeScript
16,batty,Python
17,bazel-tools,Java
18,beam,Java
19,big-data-rosetta-code,Scala
20,bigtable-autoscaler,Java
21,boilerplate-app,
22,bucket-runner,JavaScript
23,cartography,Python
24,cassandra-extra,Java
25,cassandra-medusa,Python
26,cassandra-opstools,Java
27,cassandra-reaper,
28,certcheck,Python
29,chartify,Python
30,code-of-conduct,
31,collectd,C
32,comet,Python
33,comet-common,Python
34,comet-core,Python
35,completable-futures,Java
36,condor,Java
37,confidence,Python
38,container-agent,Python
39,cookiecutter-golang,Go
40,coordinator,HTML
41,crtauth,Python
42,crtauth-java,Java
43,crtauth-java-agent-signer-apache,Java
44,crunch-lib,Java
45,cstar,Python
46,daemon-java,Java
47,dataenum,Java
48,DataflowJavaSDK,Java
49,dataproc-java-submitter,Java
50,dataprocxy,Python
51,dbeam,Java
52,debify,Shell
53,dh-virtualenv,Python
54,diffuser,Swift
55,dns-java,Java
56,docgenerator,Java
57,docker-alpine,
58,docker-bigtable,Go
59,docker-cassandra,Shell
60,docker-client,Java
61,docker-gc,Shell
62,docker-kafka,Shell
63,docker-maven-plugin,Java
64,docker-stress,Python
65,dockerfile-maven,Java
66,dockerfile-mode,Emacs Lisp
67,docker_interface,Python
68,drserv,Python
69,druid,
70,duck,Ruby
71,echoprint-codegen,C++
72,echoprint-server,Java
73,elasticsearch-index-window,Java
74,elitzur,Scala
75,eslint-config-oss,JavaScript
76,etcd,Go
77,featran,Scala
78,ffwd,Java
79,ffwd-client-java,Java
80,ffwd-http-client,Java
81,ffwd-ruby,Ruby
82,flink,Java
83,flink-docker,
84,flink-on-k8s-operator,Go
85,flo,Java
86,flume-syslog-source2,Java
87,flyte-flink-plugin,Go
88,fmt-maven-plugin,Java
89,folsom,Java
90,foss-root,
91,futures-extra,Java
92,futuristic-feline,Java
93,gcp-audit,Python
94,gcp-firewall-enforcer,Python
95,gcs-tools,Scala
96,ghelog,Python
97,gimme,Python
98,git-test,Shell
99,github-java-client,Java
100,google-http-java-client,Java
101,gordon,Python
102,gordon-gcp,Python
103,gordon-introspection,Python
104,gordon-janitor,Python
105,gordon-janitor-gcp,Python
106,griffin,Python
107,hadoop-openpgp-codec,Java
108,hdfs2cass,Java
109,helios,Java
110,helios-go,Go
111,helios-skydns,Java
112,heroic,Java
113,heroic-client-go,Go
114,heroic-client-java,Java
115,homebrew-public,Ruby
116,hornet,Scala
117,HubFramework,Objective-C
118,hush-tab,JavaScript
119,hype,Java
120,hyperflo,Scala
121,ieee-spm-vocals-tutorial,Jupyter Notebook
122,ios-ci,Shell
123,ios-sdk,Objective-C
124,ios-style,
125,java-hamcrest,Java
126,java-lkk,Java
127,jenkins-coverage-poster,Groovy
128,jira-lkk-bridge,Java
129,JniHelpers,C++
130,jsconfeu-2013,JavaScript
131,kafka,Scala
132,kairosdb,Java
133,kernel-common,
134,klio,Python
135,lemur,Python
136,lighthouse-audit-service,TypeScript
137,limbo,Scala
138,lingon,JavaScript
139,linux,C
140,logging-java,Java
141,luigi,Python
142,lyceum,Clojure
143,mace,
144,magnolify,Scala
145,metrics-munin-reporter,Java
146,missinglink,Java
147,mlockexec,Python
148,mobius,Java
149,mobius-android-sample,Java
150,Mobius.swift,Swift
151,moob,Ruby
152,netty-batch-flusher,Java
153,netty-zmtp,Java
154,noether,Scala
155,okta-sdk-python,Python
156,pedalboard,C++
157,PeqBank,C
158,perf-map-agent,C
159,phpconf-argentina-2014,JavaScript
160,platform-external-bluetooth-bluez,
161,polly-jest-presets,TypeScript
162,postgresql-metrics,Python
163,proto-registry,TypeScript
164,proto-requests,TypeScript
165,protoman,Java
166,puppet-talos,Puppet
167,pyeos,Python
168,pyfg,Python
169,pyschema,Python
170,python-graphwalker,Python
171,pythonflow,Python
172,pywk,Python
173,quickstart,JavaScript
174,ratatool,Scala
175,react-native-lookback,Objective-C
176,reactochart,JavaScript
177,realbook,Python
178,redux-location-state,JavaScript
179,requests-crtauth,Python
180,robolectric,Java
181,rspec-dns,Ruby
182,rspec-dnsruby,Ruby
183,ruler,Kotlin
184,s3mper,Java
185,scanctl,Python
186,scio,Scala
187,scio-contrib,Scala
188,scio-idea-plugin,Scala
189,scio.g8,Scala
190,sekexe,Shell
191,semantic-metrics,Java
192,should-up,JavaScript
193,shumway,Python
194,simple-bigtable,Java
195,skydns,
196,skygc,Python
197,snakebite,Python
198,soa-reference-integration,TypeScript
199,spark-bigquery,Scala
200,sparkey,C
201,sparkey-java,Java
202,sparkey-python,Python
203,spawn,Java
204,spotify-checkstyle-config,
205,spotify-heroic-datasource,TypeScript
206,spotify-js-challenge,JavaScript
207,spotify-json,C++
208,spotify-tensorflow,Python
209,spotify-web-api-ts-sdk,TypeScript
210,spotify-web-playback-sdk-example,JavaScript
211,spotify.github.io,HTML
212,SpotifyLogin,Swift
213,sprunch,Scala
214,SPStackedNav,Objective-C
215,SPTDataLoader,Objective-C
216,SPTPersistentCache,Objective-C
217,spydra,Java
218,spymaster,Python
219,squashing-census-exporter,Kotlin
220,ssh-agent-proxy,Java
221,ssh-agent-tls,Java
222,styx,Java
223,super-smash-brogp,Python
224,swupdate,
225,syslog-redirector,Go
226,syslog-redirector-golang,Go
227,talos,Ruby
228,terraform-gke-kubeflow-cluster,HCL
229,terraform-google-aws-hybrid-cloud-vpn,HCL
230,terraform-google-grr,HCL
231,testing-game,Python
232,tfexample-derive,Scala
233,tfreader,Scala
234,tfx,Python
235,threaddump-analyzer,JavaScript
236,trickle,Java
237,ts-interface-loader,TypeScript
238,tutter-jenkins,Ruby
239,uboot,
240,ulogger,Python
241,Vandelay,Java
242,vdisk,Python
243,visualizer-app,
244,volcano,Go
245,voyager,C++
246,wasd,Java
247,web-api,RAML
248,web-api-examples,HTML
249,web-audio-bench,JavaScript
250,web-playback-sdk,
251,web-scripts,TypeScript
252,web-scripts-library-template,TypeScript
253,XCMetrics,Swift
254,XCRemoteCache,Swift
255,zoltar,Java
